Source,C:/Users/Chris/Google Drive/Barrel of Makers/Windmill LED panel/Schematic/Schematic.sch
Kicad Rev,Eeschema (2015-11-15 BZR 6316)-product
Generated Date,2016-01-09 01:04:02

Title,Interactive Rainbow
Company,Sembazuru Circuit (for Barrel of Makers)
Revision,1.2.3
Date Issue,2016-01-09
Comment,1.2.0 Change design to use LEDs with integrated flashing. Simpler design.
Comment,1.2.1 Chance TIP31C to 2N2222. Don't need extra current capacity.
Comment,1.2.2 Change 555 to CMOS 7555 to simplify IR strobe design & lower current.
Comment,1.2.3 Correct 7555 enable logic level to high active.

Reference,Value,CommonPartLibrary,Mfg,MfgPart,Library,Library Ref
U202,ARDUINO_Pro-Mini,CPL-PLT-ARDUINO,SparkFun,DEV-11113,Arduino,ARDUINO_Pro-Mini
C201,0.001µF,CPL-CAP-X7R-THT-1NF-100V,Kemet,C315C102K1R5TA,NewUnsorted,CAP_NP
R201,15kΩ,CPL-RES-THT-15K-0.25W*,Yageo,MFR-25FBF52-15K,NewUnsorted,RES
R202,5kΩ,CPL-POT-MULTI-25TURN-5K-0.5W*,Bourns,3296W-1-502LF,NewUnsorted,POT_W2
R203,1kΩ,CPL-RES-THT-1K-0.25W,Yageo,MFR-25FBF52-1K,NewUnsorted,RES
J201,JACK-PWR,CPL-CON-BARREL-THT-2.1MM*,CUI,PJ-102AH,NewUnsorted,JACK-PWR
RN201,33Ω,CPL-ARR-BUS7-THT-33-0.14W*,Bourns,4308R-101-330,NewUnsorted,RN7BUSSIP
RN202,33Ω,CPL-ARR-BUS7-THT-33-0.14W*,Bourns,4308R-101-330,NewUnsorted,RN7BUSSIP
TP201,IR_LEDs,CPL-HDR-TESTPOINT,Keystone,5003,NewUnsorted,TST
C203,0.1µF,CPL-CAP-X7R-THT-100NF-50V,Kemet,C320C104K5R5TA,NewUnsorted,CAP_NP
C202,10µF,CPL-CAP-TANT-THT-10UF-50V*,AVX,TAP106K050SCS,NewUnsorted,CAP_P
C205,0.1µF,CPL-CAP-X7R-THT-100NF-50V,Kemet,C320C104K5R5TA,NewUnsorted,CAP_NP
U203,74HC595,CPL-DIC-SHIFTREG-SER-PAR,Texas Instruments,SN74HC595N,NewUnsorted,74HC595
U204,74HC595,CPL-DIC-SHIFTREG-SER-PAR,Texas Instruments,SN74HC595N,NewUnsorted,74HC595
U205,74HC165,CPL-DIC-SHIFTREG-PAR-SER,Texas Instruments,SN74HC165N,NewUnsorted,74HC165
U206,74HC165,CPL-DIC-SHIFTREG-PAR-SER,Texas Instruments,SN74HC165N,NewUnsorted,74HC165
C207,0.1µF,CPL-CAP-X7R-THT-100NF-50V,Kemet,C320C104K5R5TA,NewUnsorted,CAP_NP
C208,0.1µF,CPL-CAP-X7R-THT-100NF-50V,Kemet,C320C104K5R5TA,NewUnsorted,CAP_NP
C206,0.1µF,CPL-CAP-X7R-THT-100NF-50V,Kemet,C320C104K5R5TA,NewUnsorted,CAP_NP
C204,0.1µF,CPL-CAP-X7R-THT-100NF-50V,Kemet,C320C104K5R5TA,NewUnsorted,CAP_NP
Q202,2N2222,CPL-TRN-NPN-40V-1A-THT,Fairchild Semiconductor,PN2222ABU,NewUnsorted,Q_NPN_EBC
R205,1kΩ,CPL-RES-THT-1K-0.25W,Yageo,MFR-25FBF52-1K,NewUnsorted,RES
R204,1kΩ,CPL-RES-THT-1K-0.25W,Yageo,MFR-25FBF52-1K,NewUnsorted,RES
PS201,Pololu_S18V20F5,CPL-REG-SWI-5V-2A-BREAKOUT*,Pololu,2574,NewUnsorted,Pololu_S18V20F5
Q201,2N2222,CPL-TRN-NPN-40V-1A-THT,Fairchild Semiconductor,PN2222ABU,NewUnsorted,Q_NPN_EBC
U201,ICM7555,CPL-LIC-TIMER-7555*,Intersil,ICM7555IPAZ,NewUnsorted,ICM7555
D310,IR 950nm,CPL-LED-5MM-IR*,Vishay,TSUS5202,NewUnsorted,LED
U301,TSOP32138,CPL-SEN-IR,Vishay,TSOP32138,NewUnsorted,TSOP321xx
R311,180Ω,CPL-RES-THT-180-0.25W*,Yageo,MFR-25FBF52-180R,NewUnsorted,RES
C301,0.1µF,CPL-CAP-X7R-THT-100NF-50V,Kemet,C320C104K5R5TA,NewUnsorted,CAP_NP
D301,RGB Slow Flashing,CPL-LED-RGB-CYCLING-SLOW*,AdaFruit,ADA679,NewUnsorted,LED_Flashing
Q301,2N2222,CPL-TRN-NPN-40V-1A-THT,Fairchild Semiconductor,PN2222ABU,NewUnsorted,Q_NPN_EBC
R310,1kΩ,CPL-RES-THT-1k-0.25W,Yageo,MFR-25FBF52-1K,NewUnsorted,RES
R301,180Ω,CPL-RES-THT-180-0.25W*,Yageo,MFR-25FBF52-180R,NewUnsorted,RES
D302,RGB Slow Flashing,CPL-LED-RGB-CYCLING-SLOW*,AdaFruit,ADA679,NewUnsorted,LED_Flashing
R302,180Ω,CPL-RES-THT-180-0.25W*,Yageo,MFR-25FBF52-180R,NewUnsorted,RES
D303,RGB Slow Flashing,CPL-LED-RGB-CYCLING-SLOW*,AdaFruit,ADA679,NewUnsorted,LED_Flashing
R303,180Ω,CPL-RES-THT-180-0.25W*,Yageo,MFR-25FBF52-180R,NewUnsorted,RES
D304,RGB Slow Flashing,CPL-LED-RGB-CYCLING-SLOW*,AdaFruit,ADA679,NewUnsorted,LED_Flashing
R304,180Ω,CPL-RES-THT-180-0.25W*,Yageo,MFR-25FBF52-180R,NewUnsorted,RES
D305,RGB Slow Flashing,CPL-LED-RGB-CYCLING-SLOW*,AdaFruit,ADA679,NewUnsorted,LED_Flashing
R305,180Ω,CPL-RES-THT-180-0.25W*,Yageo,MFR-25FBF52-180R,NewUnsorted,RES
D306,RGB Slow Flashing,CPL-LED-RGB-CYCLING-SLOW*,AdaFruit,ADA679,NewUnsorted,LED_Flashing
R306,180Ω,CPL-RES-THT-180-0.25W*,Yageo,MFR-25FBF52-180R,NewUnsorted,RES
D307,RGB Slow Flashing,CPL-LED-RGB-CYCLING-SLOW*,AdaFruit,ADA679,NewUnsorted,LED_Flashing
R307,180Ω,CPL-RES-THT-180-0.25W*,Yageo,MFR-25FBF52-180R,NewUnsorted,RES
D308,RGB Slow Flashing,CPL-LED-RGB-CYCLING-SLOW*,AdaFruit,ADA679,NewUnsorted,LED_Flashing
R308,180Ω,CPL-RES-THT-180-0.25W*,Yageo,MFR-25FBF52-180R,NewUnsorted,RES
D309,RGB Slow Flashing,CPL-LED-RGB-CYCLING-SLOW*,AdaFruit,ADA679,NewUnsorted,LED_Flashing
R309,180Ω,CPL-RES-THT-180-0.25W*,Yageo,MFR-25FBF52-180R,NewUnsorted,RES
D410,IR 950nm,CPL-LED-5MM-IR*,Vishay,TSUS5202,NewUnsorted,LED
U401,TSOP32138,CPL-SEN-IR,Vishay,TSOP32138,NewUnsorted,TSOP321xx
R411,180Ω,CPL-RES-THT-180-0.25W*,Yageo,MFR-25FBF52-180R,NewUnsorted,RES
C401,0.1µF,CPL-CAP-X7R-THT-100NF-50V,Kemet,C320C104K5R5TA,NewUnsorted,CAP_NP
D401,RGB Slow Flashing,CPL-LED-RGB-CYCLING-SLOW*,AdaFruit,ADA679,NewUnsorted,LED_Flashing
Q401,2N2222,CPL-TRN-NPN-40V-1A-THT,Fairchild Semiconductor,PN2222ABU,NewUnsorted,Q_NPN_EBC
R410,1kΩ,CPL-RES-THT-1k-0.25W,Yageo,MFR-25FBF52-1K,NewUnsorted,RES
R401,180Ω,CPL-RES-THT-180-0.25W*,Yageo,MFR-25FBF52-180R,NewUnsorted,RES
D402,RGB Slow Flashing,CPL-LED-RGB-CYCLING-SLOW*,AdaFruit,ADA679,NewUnsorted,LED_Flashing
R402,180Ω,CPL-RES-THT-180-0.25W*,Yageo,MFR-25FBF52-180R,NewUnsorted,RES
D403,RGB Slow Flashing,CPL-LED-RGB-CYCLING-SLOW*,AdaFruit,ADA679,NewUnsorted,LED_Flashing
R403,180Ω,CPL-RES-THT-180-0.25W*,Yageo,MFR-25FBF52-180R,NewUnsorted,RES
D404,RGB Slow Flashing,CPL-LED-RGB-CYCLING-SLOW*,AdaFruit,ADA679,NewUnsorted,LED_Flashing
R404,180Ω,CPL-RES-THT-180-0.25W*,Yageo,MFR-25FBF52-180R,NewUnsorted,RES
D405,RGB Slow Flashing,CPL-LED-RGB-CYCLING-SLOW*,AdaFruit,ADA679,NewUnsorted,LED_Flashing
R405,180Ω,CPL-RES-THT-180-0.25W*,Yageo,MFR-25FBF52-180R,NewUnsorted,RES
D406,RGB Slow Flashing,CPL-LED-RGB-CYCLING-SLOW*,AdaFruit,ADA679,NewUnsorted,LED_Flashing
R406,180Ω,CPL-RES-THT-180-0.25W*,Yageo,MFR-25FBF52-180R,NewUnsorted,RES
D407,RGB Slow Flashing,CPL-LED-RGB-CYCLING-SLOW*,AdaFruit,ADA679,NewUnsorted,LED_Flashing
R407,180Ω,CPL-RES-THT-180-0.25W*,Yageo,MFR-25FBF52-180R,NewUnsorted,RES
D408,RGB Slow Flashing,CPL-LED-RGB-CYCLING-SLOW*,AdaFruit,ADA679,NewUnsorted,LED_Flashing
R408,180Ω,CPL-RES-THT-180-0.25W*,Yageo,MFR-25FBF52-180R,NewUnsorted,RES
D409,RGB Slow Flashing,CPL-LED-RGB-CYCLING-SLOW*,AdaFruit,ADA679,NewUnsorted,LED_Flashing
R409,180Ω,CPL-RES-THT-180-0.25W*,Yageo,MFR-25FBF52-180R,NewUnsorted,RES
D510,IR 950nm,CPL-LED-5MM-IR*,Vishay,TSUS5202,NewUnsorted,LED
U501,TSOP32138,CPL-SEN-IR,Vishay,TSOP32138,NewUnsorted,TSOP321xx
R511,180Ω,CPL-RES-THT-180-0.25W*,Yageo,MFR-25FBF52-180R,NewUnsorted,RES
C501,0.1µF,CPL-CAP-X7R-THT-100NF-50V,Kemet,C320C104K5R5TA,NewUnsorted,CAP_NP
D501,RGB Slow Flashing,CPL-LED-RGB-CYCLING-SLOW*,AdaFruit,ADA679,NewUnsorted,LED_Flashing
Q501,2N2222,CPL-TRN-NPN-40V-1A-THT,Fairchild Semiconductor,PN2222ABU,NewUnsorted,Q_NPN_EBC
R510,1kΩ,CPL-RES-THT-1k-0.25W,Yageo,MFR-25FBF52-1K,NewUnsorted,RES
R501,180Ω,CPL-RES-THT-180-0.25W*,Yageo,MFR-25FBF52-180R,NewUnsorted,RES
D502,RGB Slow Flashing,CPL-LED-RGB-CYCLING-SLOW*,AdaFruit,ADA679,NewUnsorted,LED_Flashing
R502,180Ω,CPL-RES-THT-180-0.25W*,Yageo,MFR-25FBF52-180R,NewUnsorted,RES
D503,RGB Slow Flashing,CPL-LED-RGB-CYCLING-SLOW*,AdaFruit,ADA679,NewUnsorted,LED_Flashing
R503,180Ω,CPL-RES-THT-180-0.25W*,Yageo,MFR-25FBF52-180R,NewUnsorted,RES
D504,RGB Slow Flashing,CPL-LED-RGB-CYCLING-SLOW*,AdaFruit,ADA679,NewUnsorted,LED_Flashing
R504,180Ω,CPL-RES-THT-180-0.25W*,Yageo,MFR-25FBF52-180R,NewUnsorted,RES
D505,RGB Slow Flashing,CPL-LED-RGB-CYCLING-SLOW*,AdaFruit,ADA679,NewUnsorted,LED_Flashing
R505,180Ω,CPL-RES-THT-180-0.25W*,Yageo,MFR-25FBF52-180R,NewUnsorted,RES
D506,RGB Slow Flashing,CPL-LED-RGB-CYCLING-SLOW*,AdaFruit,ADA679,NewUnsorted,LED_Flashing
R506,180Ω,CPL-RES-THT-180-0.25W*,Yageo,MFR-25FBF52-180R,NewUnsorted,RES
D507,RGB Slow Flashing,CPL-LED-RGB-CYCLING-SLOW*,AdaFruit,ADA679,NewUnsorted,LED_Flashing
R507,180Ω,CPL-RES-THT-180-0.25W*,Yageo,MFR-25FBF52-180R,NewUnsorted,RES
D508,RGB Slow Flashing,CPL-LED-RGB-CYCLING-SLOW*,AdaFruit,ADA679,NewUnsorted,LED_Flashing
R508,180Ω,CPL-RES-THT-180-0.25W*,Yageo,MFR-25FBF52-180R,NewUnsorted,RES
D509,RGB Slow Flashing,CPL-LED-RGB-CYCLING-SLOW*,AdaFruit,ADA679,NewUnsorted,LED_Flashing
R509,180Ω,CPL-RES-THT-180-0.25W*,Yageo,MFR-25FBF52-180R,NewUnsorted,RES
D610,IR 950nm,CPL-LED-5MM-IR*,Vishay,TSUS5202,NewUnsorted,LED
U601,TSOP32138,CPL-SEN-IR,Vishay,TSOP32138,NewUnsorted,TSOP321xx
R611,180Ω,CPL-RES-THT-180-0.25W*,Yageo,MFR-25FBF52-180R,NewUnsorted,RES
C601,0.1µF,CPL-CAP-X7R-THT-100NF-50V,Kemet,C320C104K5R5TA,NewUnsorted,CAP_NP
D601,RGB Slow Flashing,CPL-LED-RGB-CYCLING-SLOW*,AdaFruit,ADA679,NewUnsorted,LED_Flashing
Q601,2N2222,CPL-TRN-NPN-40V-1A-THT,Fairchild Semiconductor,PN2222ABU,NewUnsorted,Q_NPN_EBC
R610,1kΩ,CPL-RES-THT-1k-0.25W,Yageo,MFR-25FBF52-1K,NewUnsorted,RES
R601,180Ω,CPL-RES-THT-180-0.25W*,Yageo,MFR-25FBF52-180R,NewUnsorted,RES
D602,RGB Slow Flashing,CPL-LED-RGB-CYCLING-SLOW*,AdaFruit,ADA679,NewUnsorted,LED_Flashing
R602,180Ω,CPL-RES-THT-180-0.25W*,Yageo,MFR-25FBF52-180R,NewUnsorted,RES
D603,RGB Slow Flashing,CPL-LED-RGB-CYCLING-SLOW*,AdaFruit,ADA679,NewUnsorted,LED_Flashing
R603,180Ω,CPL-RES-THT-180-0.25W*,Yageo,MFR-25FBF52-180R,NewUnsorted,RES
D604,RGB Slow Flashing,CPL-LED-RGB-CYCLING-SLOW*,AdaFruit,ADA679,NewUnsorted,LED_Flashing
R604,180Ω,CPL-RES-THT-180-0.25W*,Yageo,MFR-25FBF52-180R,NewUnsorted,RES
D605,RGB Slow Flashing,CPL-LED-RGB-CYCLING-SLOW*,AdaFruit,ADA679,NewUnsorted,LED_Flashing
R605,180Ω,CPL-RES-THT-180-0.25W*,Yageo,MFR-25FBF52-180R,NewUnsorted,RES
D606,RGB Slow Flashing,CPL-LED-RGB-CYCLING-SLOW*,AdaFruit,ADA679,NewUnsorted,LED_Flashing
R606,180Ω,CPL-RES-THT-180-0.25W*,Yageo,MFR-25FBF52-180R,NewUnsorted,RES
D607,RGB Slow Flashing,CPL-LED-RGB-CYCLING-SLOW*,AdaFruit,ADA679,NewUnsorted,LED_Flashing
R607,180Ω,CPL-RES-THT-180-0.25W*,Yageo,MFR-25FBF52-180R,NewUnsorted,RES
D608,RGB Slow Flashing,CPL-LED-RGB-CYCLING-SLOW*,AdaFruit,ADA679,NewUnsorted,LED_Flashing
R608,180Ω,CPL-RES-THT-180-0.25W*,Yageo,MFR-25FBF52-180R,NewUnsorted,RES
D609,RGB Slow Flashing,CPL-LED-RGB-CYCLING-SLOW*,AdaFruit,ADA679,NewUnsorted,LED_Flashing
R609,180Ω,CPL-RES-THT-180-0.25W*,Yageo,MFR-25FBF52-180R,NewUnsorted,RES
D710,IR 950nm,CPL-LED-5MM-IR*,Vishay,TSUS5202,NewUnsorted,LED
U701,TSOP32138,CPL-SEN-IR,Vishay,TSOP32138,NewUnsorted,TSOP321xx
R711,180Ω,CPL-RES-THT-180-0.25W*,Yageo,MFR-25FBF52-180R,NewUnsorted,RES
C701,0.1µF,CPL-CAP-X7R-THT-100NF-50V,Kemet,C320C104K5R5TA,NewUnsorted,CAP_NP
D701,RGB Slow Flashing,CPL-LED-RGB-CYCLING-SLOW*,AdaFruit,ADA679,NewUnsorted,LED_Flashing
Q701,2N2222,CPL-TRN-NPN-40V-1A-THT,Fairchild Semiconductor,PN2222ABU,NewUnsorted,Q_NPN_EBC
R710,1kΩ,CPL-RES-THT-1k-0.25W,Yageo,MFR-25FBF52-1K,NewUnsorted,RES
R701,180Ω,CPL-RES-THT-180-0.25W*,Yageo,MFR-25FBF52-180R,NewUnsorted,RES
D702,RGB Slow Flashing,CPL-LED-RGB-CYCLING-SLOW*,AdaFruit,ADA679,NewUnsorted,LED_Flashing
R702,180Ω,CPL-RES-THT-180-0.25W*,Yageo,MFR-25FBF52-180R,NewUnsorted,RES
D703,RGB Slow Flashing,CPL-LED-RGB-CYCLING-SLOW*,AdaFruit,ADA679,NewUnsorted,LED_Flashing
R703,180Ω,CPL-RES-THT-180-0.25W*,Yageo,MFR-25FBF52-180R,NewUnsorted,RES
D704,RGB Slow Flashing,CPL-LED-RGB-CYCLING-SLOW*,AdaFruit,ADA679,NewUnsorted,LED_Flashing
R704,180Ω,CPL-RES-THT-180-0.25W*,Yageo,MFR-25FBF52-180R,NewUnsorted,RES
D705,RGB Slow Flashing,CPL-LED-RGB-CYCLING-SLOW*,AdaFruit,ADA679,NewUnsorted,LED_Flashing
R705,180Ω,CPL-RES-THT-180-0.25W*,Yageo,MFR-25FBF52-180R,NewUnsorted,RES
D706,RGB Slow Flashing,CPL-LED-RGB-CYCLING-SLOW*,AdaFruit,ADA679,NewUnsorted,LED_Flashing
R706,180Ω,CPL-RES-THT-180-0.25W*,Yageo,MFR-25FBF52-180R,NewUnsorted,RES
D707,RGB Slow Flashing,CPL-LED-RGB-CYCLING-SLOW*,AdaFruit,ADA679,NewUnsorted,LED_Flashing
R707,180Ω,CPL-RES-THT-180-0.25W*,Yageo,MFR-25FBF52-180R,NewUnsorted,RES
D708,RGB Slow Flashing,CPL-LED-RGB-CYCLING-SLOW*,AdaFruit,ADA679,NewUnsorted,LED_Flashing
R708,180Ω,CPL-RES-THT-180-0.25W*,Yageo,MFR-25FBF52-180R,NewUnsorted,RES
D709,RGB Slow Flashing,CPL-LED-RGB-CYCLING-SLOW*,AdaFruit,ADA679,NewUnsorted,LED_Flashing
R709,180Ω,CPL-RES-THT-180-0.25W*,Yageo,MFR-25FBF52-180R,NewUnsorted,RES
D810,IR 950nm,CPL-LED-5MM-IR*,Vishay,TSUS5202,NewUnsorted,LED
U801,TSOP32138,CPL-SEN-IR,Vishay,TSOP32138,NewUnsorted,TSOP321xx
R811,180Ω,CPL-RES-THT-180-0.25W*,Yageo,MFR-25FBF52-180R,NewUnsorted,RES
C801,0.1µF,CPL-CAP-X7R-THT-100NF-50V,Kemet,C320C104K5R5TA,NewUnsorted,CAP_NP
D801,RGB Slow Flashing,CPL-LED-RGB-CYCLING-SLOW*,AdaFruit,ADA679,NewUnsorted,LED_Flashing
Q801,2N2222,CPL-TRN-NPN-40V-1A-THT,Fairchild Semiconductor,PN2222ABU,NewUnsorted,Q_NPN_EBC
R810,1kΩ,CPL-RES-THT-1k-0.25W,Yageo,MFR-25FBF52-1K,NewUnsorted,RES
R801,180Ω,CPL-RES-THT-180-0.25W*,Yageo,MFR-25FBF52-180R,NewUnsorted,RES
D802,RGB Slow Flashing,CPL-LED-RGB-CYCLING-SLOW*,AdaFruit,ADA679,NewUnsorted,LED_Flashing
R802,180Ω,CPL-RES-THT-180-0.25W*,Yageo,MFR-25FBF52-180R,NewUnsorted,RES
D803,RGB Slow Flashing,CPL-LED-RGB-CYCLING-SLOW*,AdaFruit,ADA679,NewUnsorted,LED_Flashing
R803,180Ω,CPL-RES-THT-180-0.25W*,Yageo,MFR-25FBF52-180R,NewUnsorted,RES
D804,RGB Slow Flashing,CPL-LED-RGB-CYCLING-SLOW*,AdaFruit,ADA679,NewUnsorted,LED_Flashing
R804,180Ω,CPL-RES-THT-180-0.25W*,Yageo,MFR-25FBF52-180R,NewUnsorted,RES
D805,RGB Slow Flashing,CPL-LED-RGB-CYCLING-SLOW*,AdaFruit,ADA679,NewUnsorted,LED_Flashing
R805,180Ω,CPL-RES-THT-180-0.25W*,Yageo,MFR-25FBF52-180R,NewUnsorted,RES
D806,RGB Slow Flashing,CPL-LED-RGB-CYCLING-SLOW*,AdaFruit,ADA679,NewUnsorted,LED_Flashing
R806,180Ω,CPL-RES-THT-180-0.25W*,Yageo,MFR-25FBF52-180R,NewUnsorted,RES
D807,RGB Slow Flashing,CPL-LED-RGB-CYCLING-SLOW*,AdaFruit,ADA679,NewUnsorted,LED_Flashing
R807,180Ω,CPL-RES-THT-180-0.25W*,Yageo,MFR-25FBF52-180R,NewUnsorted,RES
D808,RGB Slow Flashing,CPL-LED-RGB-CYCLING-SLOW*,AdaFruit,ADA679,NewUnsorted,LED_Flashing
R808,180Ω,CPL-RES-THT-180-0.25W*,Yageo,MFR-25FBF52-180R,NewUnsorted,RES
D809,RGB Slow Flashing,CPL-LED-RGB-CYCLING-SLOW*,AdaFruit,ADA679,NewUnsorted,LED_Flashing
R809,180Ω,CPL-RES-THT-180-0.25W*,Yageo,MFR-25FBF52-180R,NewUnsorted,RES
D910,IR 950nm,CPL-LED-5MM-IR*,Vishay,TSUS5202,NewUnsorted,LED
U901,TSOP32138,CPL-SEN-IR,Vishay,TSOP32138,NewUnsorted,TSOP321xx
R911,180Ω,CPL-RES-THT-180-0.25W*,Yageo,MFR-25FBF52-180R,NewUnsorted,RES
C901,0.1µF,CPL-CAP-X7R-THT-100NF-50V,Kemet,C320C104K5R5TA,NewUnsorted,CAP_NP
D901,RGB Slow Flashing,CPL-LED-RGB-CYCLING-SLOW*,AdaFruit,ADA679,NewUnsorted,LED_Flashing
Q901,2N2222,CPL-TRN-NPN-40V-1A-THT,Fairchild Semiconductor,PN2222ABU,NewUnsorted,Q_NPN_EBC
R910,1kΩ,CPL-RES-THT-1k-0.25W,Yageo,MFR-25FBF52-1K,NewUnsorted,RES
R901,180Ω,CPL-RES-THT-180-0.25W*,Yageo,MFR-25FBF52-180R,NewUnsorted,RES
D902,RGB Slow Flashing,CPL-LED-RGB-CYCLING-SLOW*,AdaFruit,ADA679,NewUnsorted,LED_Flashing
R902,180Ω,CPL-RES-THT-180-0.25W*,Yageo,MFR-25FBF52-180R,NewUnsorted,RES
D903,RGB Slow Flashing,CPL-LED-RGB-CYCLING-SLOW*,AdaFruit,ADA679,NewUnsorted,LED_Flashing
R903,180Ω,CPL-RES-THT-180-0.25W*,Yageo,MFR-25FBF52-180R,NewUnsorted,RES
D904,RGB Slow Flashing,CPL-LED-RGB-CYCLING-SLOW*,AdaFruit,ADA679,NewUnsorted,LED_Flashing
R904,180Ω,CPL-RES-THT-180-0.25W*,Yageo,MFR-25FBF52-180R,NewUnsorted,RES
D905,RGB Slow Flashing,CPL-LED-RGB-CYCLING-SLOW*,AdaFruit,ADA679,NewUnsorted,LED_Flashing
R905,180Ω,CPL-RES-THT-180-0.25W*,Yageo,MFR-25FBF52-180R,NewUnsorted,RES
D906,RGB Slow Flashing,CPL-LED-RGB-CYCLING-SLOW*,AdaFruit,ADA679,NewUnsorted,LED_Flashing
R906,180Ω,CPL-RES-THT-180-0.25W*,Yageo,MFR-25FBF52-180R,NewUnsorted,RES
D907,RGB Slow Flashing,CPL-LED-RGB-CYCLING-SLOW*,AdaFruit,ADA679,NewUnsorted,LED_Flashing
R907,180Ω,CPL-RES-THT-180-0.25W*,Yageo,MFR-25FBF52-180R,NewUnsorted,RES
D908,RGB Slow Flashing,CPL-LED-RGB-CYCLING-SLOW*,AdaFruit,ADA679,NewUnsorted,LED_Flashing
R908,180Ω,CPL-RES-THT-180-0.25W*,Yageo,MFR-25FBF52-180R,NewUnsorted,RES
D909,RGB Slow Flashing,CPL-LED-RGB-CYCLING-SLOW*,AdaFruit,ADA679,NewUnsorted,LED_Flashing
R909,180Ω,CPL-RES-THT-180-0.25W*,Yageo,MFR-25FBF52-180R,NewUnsorted,RES
D1010,IR 950nm,CPL-LED-5MM-IR*,Vishay,TSUS5202,NewUnsorted,LED
U1001,TSOP32138,CPL-SEN-IR,Vishay,TSOP32138,NewUnsorted,TSOP321xx
R1011,180Ω,CPL-RES-THT-180-0.25W*,Yageo,MFR-25FBF52-180R,NewUnsorted,RES
C1001,0.1µF,CPL-CAP-X7R-THT-100NF-50V,Kemet,C320C104K5R5TA,NewUnsorted,CAP_NP
D1001,RGB Slow Flashing,CPL-LED-RGB-CYCLING-SLOW*,AdaFruit,ADA679,NewUnsorted,LED_Flashing
Q1001,2N2222,CPL-TRN-NPN-40V-1A-THT,Fairchild Semiconductor,PN2222ABU,NewUnsorted,Q_NPN_EBC
R1010,1kΩ,CPL-RES-THT-1k-0.25W,Yageo,MFR-25FBF52-1K,NewUnsorted,RES
R1001,180Ω,CPL-RES-THT-180-0.25W*,Yageo,MFR-25FBF52-180R,NewUnsorted,RES
D1002,RGB Slow Flashing,CPL-LED-RGB-CYCLING-SLOW*,AdaFruit,ADA679,NewUnsorted,LED_Flashing
R1002,180Ω,CPL-RES-THT-180-0.25W*,Yageo,MFR-25FBF52-180R,NewUnsorted,RES
D1003,RGB Slow Flashing,CPL-LED-RGB-CYCLING-SLOW*,AdaFruit,ADA679,NewUnsorted,LED_Flashing
R1003,180Ω,CPL-RES-THT-180-0.25W*,Yageo,MFR-25FBF52-180R,NewUnsorted,RES
D1004,RGB Slow Flashing,CPL-LED-RGB-CYCLING-SLOW*,AdaFruit,ADA679,NewUnsorted,LED_Flashing
R1004,180Ω,CPL-RES-THT-180-0.25W*,Yageo,MFR-25FBF52-180R,NewUnsorted,RES
D1005,RGB Slow Flashing,CPL-LED-RGB-CYCLING-SLOW*,AdaFruit,ADA679,NewUnsorted,LED_Flashing
R1005,180Ω,CPL-RES-THT-180-0.25W*,Yageo,MFR-25FBF52-180R,NewUnsorted,RES
D1006,RGB Slow Flashing,CPL-LED-RGB-CYCLING-SLOW*,AdaFruit,ADA679,NewUnsorted,LED_Flashing
R1006,180Ω,CPL-RES-THT-180-0.25W*,Yageo,MFR-25FBF52-180R,NewUnsorted,RES
D1007,RGB Slow Flashing,CPL-LED-RGB-CYCLING-SLOW*,AdaFruit,ADA679,NewUnsorted,LED_Flashing
R1007,180Ω,CPL-RES-THT-180-0.25W*,Yageo,MFR-25FBF52-180R,NewUnsorted,RES
D1008,RGB Slow Flashing,CPL-LED-RGB-CYCLING-SLOW*,AdaFruit,ADA679,NewUnsorted,LED_Flashing
R1008,180Ω,CPL-RES-THT-180-0.25W*,Yageo,MFR-25FBF52-180R,NewUnsorted,RES
D1009,RGB Slow Flashing,CPL-LED-RGB-CYCLING-SLOW*,AdaFruit,ADA679,NewUnsorted,LED_Flashing
R1009,180Ω,CPL-RES-THT-180-0.25W*,Yageo,MFR-25FBF52-180R,NewUnsorted,RES
D1110,IR 950nm,CPL-LED-5MM-IR*,Vishay,TSUS5202,NewUnsorted,LED
U1101,TSOP32138,CPL-SEN-IR,Vishay,TSOP32138,NewUnsorted,TSOP321xx
R1111,180Ω,CPL-RES-THT-180-0.25W*,Yageo,MFR-25FBF52-180R,NewUnsorted,RES
C1101,0.1µF,CPL-CAP-X7R-THT-100NF-50V,Kemet,C320C104K5R5TA,NewUnsorted,CAP_NP
D1101,RGB Slow Flashing,CPL-LED-RGB-CYCLING-SLOW*,AdaFruit,ADA679,NewUnsorted,LED_Flashing
Q1101,2N2222,CPL-TRN-NPN-40V-1A-THT,Fairchild Semiconductor,PN2222ABU,NewUnsorted,Q_NPN_EBC
R1110,1kΩ,CPL-RES-THT-1k-0.25W,Yageo,MFR-25FBF52-1K,NewUnsorted,RES
R1101,180Ω,CPL-RES-THT-180-0.25W*,Yageo,MFR-25FBF52-180R,NewUnsorted,RES
D1102,RGB Slow Flashing,CPL-LED-RGB-CYCLING-SLOW*,AdaFruit,ADA679,NewUnsorted,LED_Flashing
R1102,180Ω,CPL-RES-THT-180-0.25W*,Yageo,MFR-25FBF52-180R,NewUnsorted,RES
D1103,RGB Slow Flashing,CPL-LED-RGB-CYCLING-SLOW*,AdaFruit,ADA679,NewUnsorted,LED_Flashing
R1103,180Ω,CPL-RES-THT-180-0.25W*,Yageo,MFR-25FBF52-180R,NewUnsorted,RES
D1104,RGB Slow Flashing,CPL-LED-RGB-CYCLING-SLOW*,AdaFruit,ADA679,NewUnsorted,LED_Flashing
R1104,180Ω,CPL-RES-THT-180-0.25W*,Yageo,MFR-25FBF52-180R,NewUnsorted,RES
D1105,RGB Slow Flashing,CPL-LED-RGB-CYCLING-SLOW*,AdaFruit,ADA679,NewUnsorted,LED_Flashing
R1105,180Ω,CPL-RES-THT-180-0.25W*,Yageo,MFR-25FBF52-180R,NewUnsorted,RES
D1106,RGB Slow Flashing,CPL-LED-RGB-CYCLING-SLOW*,AdaFruit,ADA679,NewUnsorted,LED_Flashing
R1106,180Ω,CPL-RES-THT-180-0.25W*,Yageo,MFR-25FBF52-180R,NewUnsorted,RES
D1107,RGB Slow Flashing,CPL-LED-RGB-CYCLING-SLOW*,AdaFruit,ADA679,NewUnsorted,LED_Flashing
R1107,180Ω,CPL-RES-THT-180-0.25W*,Yageo,MFR-25FBF52-180R,NewUnsorted,RES
D1108,RGB Slow Flashing,CPL-LED-RGB-CYCLING-SLOW*,AdaFruit,ADA679,NewUnsorted,LED_Flashing
R1108,180Ω,CPL-RES-THT-180-0.25W*,Yageo,MFR-25FBF52-180R,NewUnsorted,RES
D1109,RGB Slow Flashing,CPL-LED-RGB-CYCLING-SLOW*,AdaFruit,ADA679,NewUnsorted,LED_Flashing
R1109,180Ω,CPL-RES-THT-180-0.25W*,Yageo,MFR-25FBF52-180R,NewUnsorted,RES
D1210,IR 950nm,CPL-LED-5MM-IR*,Vishay,TSUS5202,NewUnsorted,LED
U1201,TSOP32138,CPL-SEN-IR,Vishay,TSOP32138,NewUnsorted,TSOP321xx
R1211,180Ω,CPL-RES-THT-180-0.25W*,Yageo,MFR-25FBF52-180R,NewUnsorted,RES
C1201,0.1µF,CPL-CAP-X7R-THT-100NF-50V,Kemet,C320C104K5R5TA,NewUnsorted,CAP_NP
D1201,RGB Slow Flashing,CPL-LED-RGB-CYCLING-SLOW*,AdaFruit,ADA679,NewUnsorted,LED_Flashing
Q1201,2N2222,CPL-TRN-NPN-40V-1A-THT,Fairchild Semiconductor,PN2222ABU,NewUnsorted,Q_NPN_EBC
R1210,1kΩ,CPL-RES-THT-1k-0.25W,Yageo,MFR-25FBF52-1K,NewUnsorted,RES
R1201,180Ω,CPL-RES-THT-180-0.25W*,Yageo,MFR-25FBF52-180R,NewUnsorted,RES
D1202,RGB Slow Flashing,CPL-LED-RGB-CYCLING-SLOW*,AdaFruit,ADA679,NewUnsorted,LED_Flashing
R1202,180Ω,CPL-RES-THT-180-0.25W*,Yageo,MFR-25FBF52-180R,NewUnsorted,RES
D1203,RGB Slow Flashing,CPL-LED-RGB-CYCLING-SLOW*,AdaFruit,ADA679,NewUnsorted,LED_Flashing
R1203,180Ω,CPL-RES-THT-180-0.25W*,Yageo,MFR-25FBF52-180R,NewUnsorted,RES
D1204,RGB Slow Flashing,CPL-LED-RGB-CYCLING-SLOW*,AdaFruit,ADA679,NewUnsorted,LED_Flashing
R1204,180Ω,CPL-RES-THT-180-0.25W*,Yageo,MFR-25FBF52-180R,NewUnsorted,RES
D1205,RGB Slow Flashing,CPL-LED-RGB-CYCLING-SLOW*,AdaFruit,ADA679,NewUnsorted,LED_Flashing
R1205,180Ω,CPL-RES-THT-180-0.25W*,Yageo,MFR-25FBF52-180R,NewUnsorted,RES
D1206,RGB Slow Flashing,CPL-LED-RGB-CYCLING-SLOW*,AdaFruit,ADA679,NewUnsorted,LED_Flashing
R1206,180Ω,CPL-RES-THT-180-0.25W*,Yageo,MFR-25FBF52-180R,NewUnsorted,RES
D1207,RGB Slow Flashing,CPL-LED-RGB-CYCLING-SLOW*,AdaFruit,ADA679,NewUnsorted,LED_Flashing
R1207,180Ω,CPL-RES-THT-180-0.25W*,Yageo,MFR-25FBF52-180R,NewUnsorted,RES
D1208,RGB Slow Flashing,CPL-LED-RGB-CYCLING-SLOW*,AdaFruit,ADA679,NewUnsorted,LED_Flashing
R1208,180Ω,CPL-RES-THT-180-0.25W*,Yageo,MFR-25FBF52-180R,NewUnsorted,RES
D1209,RGB Slow Flashing,CPL-LED-RGB-CYCLING-SLOW*,AdaFruit,ADA679,NewUnsorted,LED_Flashing
R1209,180Ω,CPL-RES-THT-180-0.25W*,Yageo,MFR-25FBF52-180R,NewUnsorted,RES
D1310,IR 950nm,CPL-LED-5MM-IR*,Vishay,TSUS5202,NewUnsorted,LED
U1301,TSOP32138,CPL-SEN-IR,Vishay,TSOP32138,NewUnsorted,TSOP321xx
R1311,180Ω,CPL-RES-THT-180-0.25W*,Yageo,MFR-25FBF52-180R,NewUnsorted,RES
C1301,0.1µF,CPL-CAP-X7R-THT-100NF-50V,Kemet,C320C104K5R5TA,NewUnsorted,CAP_NP
D1301,RGB Slow Flashing,CPL-LED-RGB-CYCLING-SLOW*,AdaFruit,ADA679,NewUnsorted,LED_Flashing
Q1301,2N2222,CPL-TRN-NPN-40V-1A-THT,Fairchild Semiconductor,PN2222ABU,NewUnsorted,Q_NPN_EBC
R1310,1kΩ,CPL-RES-THT-1k-0.25W,Yageo,MFR-25FBF52-1K,NewUnsorted,RES
R1301,180Ω,CPL-RES-THT-180-0.25W*,Yageo,MFR-25FBF52-180R,NewUnsorted,RES
D1302,RGB Slow Flashing,CPL-LED-RGB-CYCLING-SLOW*,AdaFruit,ADA679,NewUnsorted,LED_Flashing
R1302,180Ω,CPL-RES-THT-180-0.25W*,Yageo,MFR-25FBF52-180R,NewUnsorted,RES
D1303,RGB Slow Flashing,CPL-LED-RGB-CYCLING-SLOW*,AdaFruit,ADA679,NewUnsorted,LED_Flashing
R1303,180Ω,CPL-RES-THT-180-0.25W*,Yageo,MFR-25FBF52-180R,NewUnsorted,RES
D1304,RGB Slow Flashing,CPL-LED-RGB-CYCLING-SLOW*,AdaFruit,ADA679,NewUnsorted,LED_Flashing
R1304,180Ω,CPL-RES-THT-180-0.25W*,Yageo,MFR-25FBF52-180R,NewUnsorted,RES
D1305,RGB Slow Flashing,CPL-LED-RGB-CYCLING-SLOW*,AdaFruit,ADA679,NewUnsorted,LED_Flashing
R1305,180Ω,CPL-RES-THT-180-0.25W*,Yageo,MFR-25FBF52-180R,NewUnsorted,RES
D1306,RGB Slow Flashing,CPL-LED-RGB-CYCLING-SLOW*,AdaFruit,ADA679,NewUnsorted,LED_Flashing
R1306,180Ω,CPL-RES-THT-180-0.25W*,Yageo,MFR-25FBF52-180R,NewUnsorted,RES
D1307,RGB Slow Flashing,CPL-LED-RGB-CYCLING-SLOW*,AdaFruit,ADA679,NewUnsorted,LED_Flashing
R1307,180Ω,CPL-RES-THT-180-0.25W*,Yageo,MFR-25FBF52-180R,NewUnsorted,RES
D1308,RGB Slow Flashing,CPL-LED-RGB-CYCLING-SLOW*,AdaFruit,ADA679,NewUnsorted,LED_Flashing
R1308,180Ω,CPL-RES-THT-180-0.25W*,Yageo,MFR-25FBF52-180R,NewUnsorted,RES
D1309,RGB Slow Flashing,CPL-LED-RGB-CYCLING-SLOW*,AdaFruit,ADA679,NewUnsorted,LED_Flashing
R1309,180Ω,CPL-RES-THT-180-0.25W*,Yageo,MFR-25FBF52-180R,NewUnsorted,RES
D1410,IR 950nm,CPL-LED-5MM-IR*,Vishay,TSUS5202,NewUnsorted,LED
U1401,TSOP32138,CPL-SEN-IR,Vishay,TSOP32138,NewUnsorted,TSOP321xx
R1411,180Ω,CPL-RES-THT-180-0.25W*,Yageo,MFR-25FBF52-180R,NewUnsorted,RES
C1401,0.1µF,CPL-CAP-X7R-THT-100NF-50V,Kemet,C320C104K5R5TA,NewUnsorted,CAP_NP
D1401,RGB Slow Flashing,CPL-LED-RGB-CYCLING-SLOW*,AdaFruit,ADA679,NewUnsorted,LED_Flashing
Q1401,2N2222,CPL-TRN-NPN-40V-1A-THT,Fairchild Semiconductor,PN2222ABU,NewUnsorted,Q_NPN_EBC
R1410,1kΩ,CPL-RES-THT-1k-0.25W,Yageo,MFR-25FBF52-1K,NewUnsorted,RES
R1401,180Ω,CPL-RES-THT-180-0.25W*,Yageo,MFR-25FBF52-180R,NewUnsorted,RES
D1402,RGB Slow Flashing,CPL-LED-RGB-CYCLING-SLOW*,AdaFruit,ADA679,NewUnsorted,LED_Flashing
R1402,180Ω,CPL-RES-THT-180-0.25W*,Yageo,MFR-25FBF52-180R,NewUnsorted,RES
D1403,RGB Slow Flashing,CPL-LED-RGB-CYCLING-SLOW*,AdaFruit,ADA679,NewUnsorted,LED_Flashing
R1403,180Ω,CPL-RES-THT-180-0.25W*,Yageo,MFR-25FBF52-180R,NewUnsorted,RES
D1404,RGB Slow Flashing,CPL-LED-RGB-CYCLING-SLOW*,AdaFruit,ADA679,NewUnsorted,LED_Flashing
R1404,180Ω,CPL-RES-THT-180-0.25W*,Yageo,MFR-25FBF52-180R,NewUnsorted,RES
D1405,RGB Slow Flashing,CPL-LED-RGB-CYCLING-SLOW*,AdaFruit,ADA679,NewUnsorted,LED_Flashing
R1405,180Ω,CPL-RES-THT-180-0.25W*,Yageo,MFR-25FBF52-180R,NewUnsorted,RES
D1406,RGB Slow Flashing,CPL-LED-RGB-CYCLING-SLOW*,AdaFruit,ADA679,NewUnsorted,LED_Flashing
R1406,180Ω,CPL-RES-THT-180-0.25W*,Yageo,MFR-25FBF52-180R,NewUnsorted,RES
D1407,RGB Slow Flashing,CPL-LED-RGB-CYCLING-SLOW*,AdaFruit,ADA679,NewUnsorted,LED_Flashing
R1407,180Ω,CPL-RES-THT-180-0.25W*,Yageo,MFR-25FBF52-180R,NewUnsorted,RES
D1408,RGB Slow Flashing,CPL-LED-RGB-CYCLING-SLOW*,AdaFruit,ADA679,NewUnsorted,LED_Flashing
R1408,180Ω,CPL-RES-THT-180-0.25W*,Yageo,MFR-25FBF52-180R,NewUnsorted,RES
D1409,RGB Slow Flashing,CPL-LED-RGB-CYCLING-SLOW*,AdaFruit,ADA679,NewUnsorted,LED_Flashing
R1409,180Ω,CPL-RES-THT-180-0.25W*,Yageo,MFR-25FBF52-180R,NewUnsorted,RES
D1510,IR 950nm,CPL-LED-5MM-IR*,Vishay,TSUS5202,NewUnsorted,LED
U1501,TSOP32138,CPL-SEN-IR,Vishay,TSOP32138,NewUnsorted,TSOP321xx
R1511,180Ω,CPL-RES-THT-180-0.25W*,Yageo,MFR-25FBF52-180R,NewUnsorted,RES
C1501,0.1µF,CPL-CAP-X7R-THT-100NF-50V,Kemet,C320C104K5R5TA,NewUnsorted,CAP_NP
D1501,RGB Slow Flashing,CPL-LED-RGB-CYCLING-SLOW*,AdaFruit,ADA679,NewUnsorted,LED_Flashing
Q1501,2N2222,CPL-TRN-NPN-40V-1A-THT,Fairchild Semiconductor,PN2222ABU,NewUnsorted,Q_NPN_EBC
R1510,1kΩ,CPL-RES-THT-1k-0.25W,Yageo,MFR-25FBF52-1K,NewUnsorted,RES
R1501,180Ω,CPL-RES-THT-180-0.25W*,Yageo,MFR-25FBF52-180R,NewUnsorted,RES
D1502,RGB Slow Flashing,CPL-LED-RGB-CYCLING-SLOW*,AdaFruit,ADA679,NewUnsorted,LED_Flashing
R1502,180Ω,CPL-RES-THT-180-0.25W*,Yageo,MFR-25FBF52-180R,NewUnsorted,RES
D1503,RGB Slow Flashing,CPL-LED-RGB-CYCLING-SLOW*,AdaFruit,ADA679,NewUnsorted,LED_Flashing
R1503,180Ω,CPL-RES-THT-180-0.25W*,Yageo,MFR-25FBF52-180R,NewUnsorted,RES
D1504,RGB Slow Flashing,CPL-LED-RGB-CYCLING-SLOW*,AdaFruit,ADA679,NewUnsorted,LED_Flashing
R1504,180Ω,CPL-RES-THT-180-0.25W*,Yageo,MFR-25FBF52-180R,NewUnsorted,RES
D1505,RGB Slow Flashing,CPL-LED-RGB-CYCLING-SLOW*,AdaFruit,ADA679,NewUnsorted,LED_Flashing
R1505,180Ω,CPL-RES-THT-180-0.25W*,Yageo,MFR-25FBF52-180R,NewUnsorted,RES
D1506,RGB Slow Flashing,CPL-LED-RGB-CYCLING-SLOW*,AdaFruit,ADA679,NewUnsorted,LED_Flashing
R1506,180Ω,CPL-RES-THT-180-0.25W*,Yageo,MFR-25FBF52-180R,NewUnsorted,RES
D1507,RGB Slow Flashing,CPL-LED-RGB-CYCLING-SLOW*,AdaFruit,ADA679,NewUnsorted,LED_Flashing
R1507,180Ω,CPL-RES-THT-180-0.25W*,Yageo,MFR-25FBF52-180R,NewUnsorted,RES
D1508,RGB Slow Flashing,CPL-LED-RGB-CYCLING-SLOW*,AdaFruit,ADA679,NewUnsorted,LED_Flashing
R1508,180Ω,CPL-RES-THT-180-0.25W*,Yageo,MFR-25FBF52-180R,NewUnsorted,RES
D1509,RGB Slow Flashing,CPL-LED-RGB-CYCLING-SLOW*,AdaFruit,ADA679,NewUnsorted,LED_Flashing
R1509,180Ω,CPL-RES-THT-180-0.25W*,Yageo,MFR-25FBF52-180R,NewUnsorted,RES
